0;1,39
100;1,85
200;1,65
300;2,33
400;1,87
500;2,04
600;1,86
700;1,68
800;2,34
900;1,74
1000;2,13
1100;1,83
1200;1,99
1300;2,14
1400;2,19
1500;1,78
1600;1,73
1700;1,91
1800;2,35
1900;2,17
2000;1,94
2100;1,83
2200;2,14
2300;2,56
2400;2,14
2500;2,24
2600;2,12
2700;1,91
2800;1,84
2900;2,25
3000;2,22
3100;2,16
3200;2,03
3300;1,74
3400;2,41
3500;2,5
3600;2,29
3700;2,3
3800;1,98
3900;2,02
4000;1,96
4100;2,09
4200;1,99
4300;2,13
4400;2,46
4500;2,28
4600;2,1
4700;2,27
4800;2,26
4900;2,6
5000;1,81
5100;2,56
5200;2,46
5300;2,63
5400;2,47
5500;2,64
5600;2,48
5700;2,46
5800;2,32
5900;2,59
6000;2,35
6100;2,21
6200;2,59
6300;2,73
6400;2,23
6500;2,71
6600;2,76
6700;2,49
6800;2,74
6900;2,29
7000;2,84
7100;2,59
7200;2,08
7300;2,57
7400;2,64
7500;2,41
7600;2,74
7700;2,19
7800;2,36
7900;2,24
8000;2,23
8100;2,2
8200;2,67
8300;2,32
8400;2,28
8500;1,98
8600;2,12
8700;2,21
8800;2,2
8900;2,37
9000;2,56
9100;1,78
9200;2,27
9300;2,31
9400;2,29
9500;2,35
9600;2,19
9700;2,51
9800;2,23
9900;2,37
10000;2,34
10100;2,28
10200;2,28
10300;2,31
10400;1,91
10500;2,19
10600;2,42
10700;2,61
10800;2,18
10900;2,11
11000;2,51
11100;1,96
11200;1,89
11300;2,78
11400;2,27
11500;2,61
11600;2,12
11700;2,2
11800;2,23
11900;2,05
12000;2,65
12100;2,8
12200;2,87
12300;2,08
12400;2,41
12500;2,12
12600;1,91
12700;2,15
12800;2,09
12900;2,13
13000;2,47
13100;1,97
13200;2,08
13300;2,74
13400;1,87
13500;2,08
13600;2,61
13700;1,93
13800;1,61
13900;2,25
14000;2,36
14100;1,97
14200;1,98
14300;2,3
14400;2,37
14500;2,24
14600;2,22
14700;2,44
14800;2,15
14900;1,95
15000;1,57
15100;2,39
15200;3,33
15300;3,14
15400;2,26
15500;2,71
15600;3,51
15700;2,98
15800;2,7
15900;2,72
16000;3,14
16100;3,2
16200;2,72
16300;2,47
16400;2,71
16500;3,76
16600;3,54
16700;3,0
16800;2,54
16900;2,63
17000;2,87
17100;2,6
17200;2,33
17300;3,25
17400;2,39
17500;2,68
17600;3,02
17700;2,92
17800;2,73
17900;3,08
18000;2,74
18100;2,5
18200;3,16
18300;2,09
18400;2,73
18500;2,82
18600;3,42
18700;3,03
18800;2,52
18900;2,34
19000;2,63
19100;2,85
19200;3,62
19300;3,49
19400;2,91
19500;2,84
19600;3,29
19700;3,43
19800;2,83
19900;3,31
20000;3,08
20100;3,24
20200;3,58
20300;3,31
20400;2,94
20500;2,93
20600;3,22
20700;3,14
20800;3,38
20900;3,81
21000;3,15
21100;3,75
21200;3,75
21300;3,67
21400;3,54
21500;3,63
21600;3,67
21700;3,18
21800;4,06
21900;3,12
22000;3,96
22100;3,79
22200;3,45
22300;3,35
22400;3,55
22500;3,28
22600;3,35
22700;3,83
22800;3,77
22900;3,27
23000;3,77
23100;3,25
23200;3,61
23300;3,29
23400;3,79
23500;3,08
23600;3,92
23700;3,8
23800;2,84
23900;3,28
24000;3,22
24100;3,69
24200;3,98
24300;3,44
24400;2,98
24500;3,17
24600;3,38
24700;3,34
24800;4,18
24900;3,25
25000;4,22
25100;3,1
25200;4,02
25300;3,65
25400;3,45
25500;3,85
25600;3,36
25700;3,85
25800;3,48
25900;3,35
26000;3,66
26100;3,99
26200;4,24
26300;3,57
26400;4,12
26500;3,37
26600;3,42
26700;4,1
26800;3,58
26900;4,18
27000;4,09
27100;3,33
27200;3,82
27300;3,52
27400;3,6
27500;3,08
27600;3,88
27700;3,35
27800;3,69
27900;3,88
28000;3,52
28100;3,1
28200;2,89
28300;3,02
28400;3,53
28500;3,44
28600;3,47
28700;3,59
28800;3,17
28900;3,95
29000;3,32
29100;3,13
29200;3,63
29300;3,73
29400;3,91
29500;3,73
29600;2,92
29700;2,66
29800;3,93
29900;2,98
30000;3,75
30100;3,92
30200;3,69
30300;3,95
30400;3,96
30500;3,77
30600;3,64
30700;3,37
30800;3,9
30900;3,48
31000;3,55
31100;3,55
31200;3,51
31300;3,42
31400;4,03
31500;3,14
31600;3,99
31700;2,97
31800;3,82
31900;2,86
32000;3,29
32100;3,53
32200;3,53
32300;3,54
32400;2,83
32500;3,24
32600;3,68
32700;3,94
32800;3,27
32900;2,63
33000;3,34
33100;3,29
33200;3,04
33300;2,79
33400;3,91
33500;3,05
33600;3,31
33700;3,13
33800;3,01
33900;2,82
34000;3,52
34100;3,63
34200;3,54
34300;2,97
34400;2,83
34500;2,86
34600;3,45
34700;3,24
34800;3,26
34900;3,0
35000;3,87
35100;3,41
35200;3,39
35300;3,94
35400;3,83
35500;3,86
35600;3,48
35700;3,26
35800;4,23
35900;3,24
36000;3,6
36100;3,92
36200;4,59
36300;3,83
36400;4,17
36500;3,65
36600;3,35
36700;3,09
36800;3,87
36900;3,73
37000;3,21
37100;3,91
37200;4,18
37300;4,19
37400;3,97
37500;3,47
37600;2,89
37700;3,61
37800;5,86
37900;4,48
38000;3,52
38100;3,57
38200;3,56
38300;4,33
38400;3,44
38500;3,29
38600;3,5
38700;3,34
38800;3,46
38900;3,09
39000;3,78
39100;3,39
39200;4,3
39300;3,67
39400;3,52
39500;3,78
39600;4,34
39700;3,82
39800;5,32
39900;4,55
40000;3,68
40100;4,18
40200;4,4
40300;4,81
40400;5,27
40500;3,95
40600;4,49
40700;3,94
40800;3,95
40900;4,75
41000;4,16
41100;4,67
41200;4,36
41300;5,05
41400;3,78
41500;4,73
41600;3,62
41700;3,87
41800;4,54
41900;3,95
42000;4,1
42100;4,67
42200;5,11
42300;4,81
42400;4,44
42500;5,29
42600;4,62
42700;3,97
42800;5,13
42900;4,46
43000;3,61
43100;5,25
43200;4,84
43300;4,87
43400;5,14
43500;4,27
43600;4,19
43700;5,26
43800;5,33
43900;5,69
44000;4,51
44100;5,41
44200;6,06
44300;4,03
44400;4,92
44500;4,44
44600;5,33
44700;7,31
44800;5,61
44900;4,89
45000;5,18
45100;5,2
45200;4,6
45300;5,3
45400;3,95
45500;4,65
45600;5,11
45700;4,95
45800;6,66
45900;5,22
46000;7,13
46100;5,29
46200;5,28
46300;4,49
46400;5,29
46500;4,79
46600;4,91
46700;5,39
46800;5,21
46900;5,32
47000;4,58
47100;5,64
47200;5,26
47300;4,88
47400;4,65
47500;4,11
47600;4,93
47700;6,33
47800;5,03
47900;4,92
48000;5,85
48100;5,1
48200;6,2
48300;4,89
48400;5,25
48500;5,21
48600;4,68
48700;7,34
48800;5,38
48900;4,49
49000;5,19
49100;7,16
49200;4,83
49300;5,14
49400;5,4
49500;5,35
49600;4,09
49700;4,61
49800;4,86
49900;4,74
50000;7,13
50100;3,6
50200;3,49
50300;3,68
50400;3,31
50500;3,72
50600;3,26
50700;3,49
50800;3,44
50900;3,57
51000;3,99
51100;3,65
51200;3,71
51300;3,24
51400;3,45
51500;3,58
51600;3,13
51700;2,98
51800;3,07
51900;3,17
52000;2,95
52100;3,66
52200;3,42
52300;3,13
52400;2,72
52500;2,19
52600;3,12
52700;2,81
52800;2,88
52900;2,6
53000;2,76
53100;2,29
53200;2,65
53300;2,56
53400;2,68
53500;2,5
53600;2,44
53700;2,11
53800;2,65
53900;2,61
54000;2,91
54100;2,47
54200;2,26
54300;2,87
54400;2,8
54500;2,39
54600;2,54
54700;2,44
54800;2,41
54900;1,99
55000;2,66
55100;2,27
55200;2,29
55300;2,28
55400;2,43
55500;2,58
55600;2,61
55700;2,28
55800;1,96
55900;2,56
56000;2,66
56100;2,32
56200;2,46
56300;2,32
56400;2,61
56500;2,35
56600;2,68
56700;2,11
56800;2,29
56900;2,16
57000;2,54
57100;2,94
57200;2,77
57300;2,58
57400;2,56
57500;1,85
57600;2,06
57700;2,04
57800;1,82
57900;2,16
58000;2,39
58100;1,98
58200;2,12
58300;1,96
58400;1,82
58500;1,57
58600;2,05
58700;2,22
58800;2,11
58900;1,63
59000;1,71
59100;1,79
59200;1,61
59300;2,1
59400;2,07
59500;1,98
59600;1,86
59700;1,59
59800;2,07
59900;2,02
60000;2,02
